﻿Programs,Admission_Average,Local_Tuition,International_Tuition,Requirements ,Co-op,Target_Enrolment,Supplementary_Application
Accounting,80,6376,25554,"ENG4U/French4U,MHF4U,MCV4U",Yes,N/A,No
Acting (BFA),75,6376,25554,"ENG4U,MCV4U,SPH4U,SBI4U,MHF4U",No,N/A,No
Anthropology and Sociology,75,6376,25554,ENG4U/French4U,Yes,N/A,No
Anthropology,75,6376,25554,ENG4U/French4U,Yes,N/A,No
Art History,75,6376,25554,ENG4U/French4U,No,N/A,No
Arts - Interdisciplinary Studies (3-year or 4-year),75,6376,25554,ENG4U/French4U,No,N/A,No
Biochemistry (BSc) and Chemical Engineering (BASc) (Biotechnology),85,6376,25554,"ENG4U/French4U,MHF4U,MCV4U,Two of SBI4U/SPH4U/SCH4U",No,N/A,No
Biochemistry,80,6376,25554,"ENG4U/French4U,MHF4U,MCV4U,Two of SBI4U/SPH4U/SCH4U",Yes,N/A,No
Biology,80,6376,25554,"ENG4U/French4U,MHF4U,MCV4U,Two of SBI4U/SPH4U/SCH4U",Yes,N/A,No
Biomedical Mechanical Engineering (BASc) and Computing Technology (BSc),85,6376,25554,"ENG4U/French4U,MHF4U,MCV4U,SBI4U,SCH4U,SPH4U",Yes,N/A,No
Biomedical Mechanical Engineering (BASc),85,6376,25554,"ENG4U/French4U,MHF4U,MCV4U,SBI4U,SCH4U,SPH4U",Yes,N/A,No
Biomedical Science,85,6376,25554,"ENG4U/French4U,MHF4U,MCV4U,Two of SBI4U/SPH4U/SCH4U",Yes,N/A,No
Biopharmaceutical Science,80,6376,25554,"ENG4U/French4U,MHF4U,MCV4U,Two of SBI4U/SPH4U/SCH4U",Yes,N/A,No
Business Technology Management,80,6376,25554,"ENG4U/French4U,MHF4U,MCV4U",No,N/A,No
Chemical Engineering (BASc) and Computing Technology (BSc),85,6376,25554,"ENG4U/French4U,MHF4U,MCV4U,SCH4U,SPH4U",No,N/A,No
Chemical Engineering,85,6376,25554,"ENG4U/French4U,MHF4U,MCV4U,SCH4U,SPH4U",Yes,N/A,No
Chemistry,80,6376,25554,"ENG4U/French4U,MHF4U,MCV4U,Two of SBI4U/SPH4U/SCH4U",Yes,N/A,No
Civil Engineering (BASc) and Computing Technology (BSc),85,6376,25554,"ENG4U/French4U,MHF4U,MCV4U,SCH4U,SPH4U",No,N/A,No
Civil Engineering,85,6376,25554,"ENG4U/French4U,MHF4U,MCV4U,SCH4U,SPH4U",Yes,N/A,No
Civil Law (certificate),75,6376,25554,ENG4U/French4U,Yes,N/A,Yes
Civil Law (LLL) and International Development and Globalization (BSocSc),75,6376,25554,ENG4U/French4U,Yes,N/A,Yes
Civil Law (LLL) and Master of Business Administration (MBA),75,6376,25554,ENG4U/French4U,Yes,N/A,Yes
Civil Law (LLL),75,6376,25554,ENG4U/French4U,Yes,N/A,Yes
Commerce (BCom) and Juris Doctor (JD),80,6376,25554,"ENG4U/French4U,MHF4U,MCV4U",No,N/A,No
Communication and Political Science (BA),75,6376,25554,ENG4U/French4U,Yes,N/A,No
Communication and Political Science (BSocSc),75,6376,25554,ENG4U/French4U,Yes,N/A,No
Communication and Sociology (BA),75,6376,25554,ENG4U/French4U,Yes,N/A,No
Communication and Sociology (BSocSc),75,6376,25554,ENG4U/French4U,Yes,N/A,No
Communication et lettres françaises,75,6376,25554,ENG4U/French4U,No,N/A,No
Communication,75,6376,25554,ENG4U/French4U,Yes,N/A,No
Computer Engineering,85,6376,25554,"ENG4U/French4U,MHF4U,MCV4U,SCH4U,SPH4U",Yes,N/A,No
Conflict Studies and Human Rights,75,6376,25554,ENG4U/French4U,Yes,N/A,No
Creative writing (certificate),75,6376,25554,ENG4U/French4U,No,N/A,No
Criminology and Women's Studies,75,6376,25554,ENG4U/French4U,No,N/A,No
Criminology,75,6376,25554,ENG4U/French4U,No,N/A,No
Data Science,85,6376,25554,"ENG4U/French4U,MHF4U,MCV4U",No,N/A,No
Digital Journalism,75,6376,25554,ENG4U/French4U,No,N/A,No
Economics and Political Science,75,6376,25554,"ENG4U/French4U,MHF4U",Yes,N/A,No
Economics and Public Policy,75,6376,25554,"ENG4U/French4U,MHF4U",Yes,N/A,No
Economics,75,6376,25554,"ENG4U/French4U,MHF4U",Yes,N/A,No
Electrical Engineering (BASc) and Computing Technology (BSc),85,6376,25554,"ENG4U/French4U,MHF4U,MCV4U,SCH4U,SPH4U",Yes,N/A,No
Electrical Engineering,85,6376,25554,"ENG4U/French4U,MHF4U,MCV4U,SCH4U,SPH4U",Yes,N/A,No
English as a Second Language,75,6376,25554,ENG4U/French4U,Yes,N/A,No
English,75,6376,25554,ENG4U/French4U,Yes,N/A,No
Environmental Economics and Public Policy,75,6376,25554,ENG4U/French4U,Yes,N/A,No
Environmental Geoscience,80,6376,25554,"ENG4U/French4U,MHF4U,MCV4U,Two of SBI4U/SPH4U/SCH4U",Yes,N/A,No
Environmental Science,80,6376,25554,"ENG4U/French4U,MHF4U,MCV4U,Two of SBI4U/SPH4U/SCH4U",Yes,N/A,No
Environmental Studies,75,6376,25554,ENG4U/French4U,Yes,N/A,No
Ethics and Political Philosophy,75,6376,25554,ENG4U/French4U,Yes,N/A,No
Études des francophonies (certificate),75,6376,25554,ENG4U/French4U,No,N/A,No
Finance,80,6376,25554,"ENG4U/French4U,MHF4U,MCV4U",No,N/A,No
Financial Mathematics and Economics (BSc),80,6376,25554,"ENG4U/French4U,MHF4U,MCV4U",Yes,N/A,No
Food and Nutrition Sciences,80,6376,25554,"ENG4U/French4U,SBI4U,SCH4U,One of Maths4U",No,N/A,No
French as a Second Language,75,6376,25554,ENG4U,No,N/A,No
Geography,75,6376,25554,ENG4U/French4U,Yes,N/A,No
Geology-Physics,80,6376,25554,"ENG4U/French4U,MHF4U,MCV4U,Two of SBI4U/SPH4U/SCH4U",Yes,N/A,No
Geology,80,6376,25554,"ENG4U/French4U,MHF4U,MCV4U,Two of SBI4U/SPH4U/SCH4U",Yes,N/A,No
Greek and Roman Studies,75,6376,25554,ENG4U/French4U,No,N/A,No
Health Sciences,80,6376,25554,"ENG4U/French4U,SBI4U,SCH4U,MHF4U/MCV4U/SPH4U",No,N/A,No
Healthcare Analytics,80,6376,25554,"ENG4U/French4U,MHF4U,MCV4U",No,N/A,No
History and Political Science (BA),75,6376,25554,ENG4U/French4U,Yes,N/A,No
History and Political Science (BSocSc),75,6376,25554,ENG4U/French4U,Yes,N/A,No
History,75,6376,25554,ENG4U/French4U,Yes,N/A,No
Human Kinetics (BHK) — Emphasis on social sciences,80,6376,25554,"ENG4U/French4U,MHF4U,MCV4U,Two of SBI4U/SPH4U/SCH4U",No,N/A,No
Human Kinetics (BScHK) — Emphasis on biophysical sciences,80,6376,25554,"ENG4U/French4U,MHF4U,MCV4U,Two of SBI4U/SPH4U/SCH4U",No,N/A,No
Human Resource Management (certificate),80,6376,25554,"ENG4U/French4U,MHF4U,MCV4U",No,N/A,No
Human Resource Management,80,6376,25554,"ENG4U/French4U,MHF4U,MCV4U",No,N/A,No
Indigenous Studies,75,6376,25554,ENG4U/French4U,No,N/A,No
International Development and Globalization,75,6376,25554,"ENG4U/French4U,MHF4U",No,N/A,No
International Economics and Development,75,6376,25554,ENG4U/French4U,No,N/A,No
International Management,80,6376,25554,"ENG4U/French4U,MHF4U,MCV4U",No,N/A,No
International Studies and Modern Languages,75,6376,25554,ENG4U/French4U,No,N/A,No
Lettres françaises (BA) et éducation (BEd),75,6376,25554,ENG4U/French4U,Yes,N/A,No
Lettres françaises,75,6376,25554,ENG4U/French4U,Yes,N/A,No
Linguistics,75,6376,25554,ENG4U/French4U,No,N/A,No
Management (certificate),80,6376,25554,"ENG4U/French4U,MHF4U,MCV4U",No,N/A,No
Management,80,6376,25554,"ENG4U/French4U,MHF4U,MCV4U",No,N/A,No
Marketing,80,6376,25554,"ENG4U/French4U,MHF4U,MCV4U",No,N/A,No
Mathematics and Economics (BSc),80,6376,25554,"ENG4U/French4U,MHF4U,MCV4U",Yes,N/A,No
Mathematics and Economics (BSocSc),80,6376,25554,"ENG4U/French4U,MHF4U,MCV4U",Yes,N/A,No
Mathematics,80,6376,25554,"ENG4U/French4U,MHF4U,MCV4U",Yes,N/A,No
Mechanical Engineering (BASc) and Computing Technology (BSc),85,6376,25554,"ENG4U/French4U,MHF4U,MCV4U,SCH4U,SPH4U",No,N/A,No
Mechanical Engineering,85,6376,25554,"ENG4U/French4U,MHF4U,MCV4U,SCH4U,SPH4U",Yes,N/A,No
Medieval and Renaissance Studies,75,6376,25554,ENG4U/French4U,No,N/A,No
Music (BA),75,6376,25554,ENG4U/French4U,No,N/A,No
Music (BMus) and Science (BSc),75,6376,25554,ENG4U/French4U,No,N/A,No
Music (BMus),75,6376,25554,ENG4U/French4U,No,N/A,No
National Program (JD and LLL),75,6376,25554,ENG4U/French4U,No,N/A,No
Nursing,80,6376,25554,"ENG4U/French4U,SBI4U,SCH4U,",No,N/A,No
Ophthalmic Medical Technology (admission into 1st and 2nd years),80,6376,25554,"ENG4U/French4U,MHF4U,MCV4U,Two of SBI4U/SPH4U/SCH4U",No,N/A,No
Philosophy and Political Science (BA),80,6376,25554,ENG4U/French4U,No,N/A,No
Philosophy and Political Science (BSocSc),75,6376,25554,ENG4U/French4U,No,N/A,No
Philosophy,75,6376,25554,ENG4U/French4U,No,N/A,No
Physical Geography and Geomatics,85,6376,25554,"ENG4U/French4U,MHF4U,MCV4U,SBI4U,SCH4U,SPH4U",Yes,N/A,No
Physics (BSc) and Electrical Engineering (BASc),80,6376,25554,"ENG4U/French4U,MHF4U,MCV4U,Two of SBI4U/SPH4U/SCH4U",Yes,N/A,No
Physics-Mathematics,80,6376,25554,"ENG4U/French4U,MHF4U,MCV4U,Two of SBI4U/SPH4U/SCH4U",Yes,N/A,No
Physics,80,6376,25554,"ENG4U/French4U,MHF4U,MCV4U,Two of SBI4U/SPH4U/SCH4U",Yes,N/A,No
Piano pedagogy (certificate),75,6376,25554,ENG4U/French4U,No,N/A,No
Political Science (BSocSc) and Juris Doctor (JD),75,6376,25554,ENG4U/French4U,No,N/A,No
Political Science,75,6376,25554,ENG4U/French4U,No,N/A,No
Psychology (BA),75,6376,25554,ENG4U/French4U,No,N/A,No
Psychology (BSc),75,6376,25554,"ENG4U/French4U,MHF4U,Two of MCV4U/SBI4U/SPH4U/SCH4U",No,N/A,No
Psychology and Linguistics (BA),75,6376,25554,ENG4U/French4U,No,N/A,No
Public Administration and Political Science,75,6376,25554,ENG4U/French4U,No,N/A,No
Public Administration,75,6376,25554,ENG4U/French4U,No,N/A,No
Public Relations,75,6376,25554,ENG4U/French4U,No,N/A,No
Rédaction professionnelle et édition (certificate),75,6376,25554,ENG4U/French4U,No,N/A,No
Religious Studies,75,6376,25554,ENG4U/French4U,No,N/A,No
Second Language Teaching (ESL or FLS),75,6376,25554,ENG4U/French4U,No,N/A,No
Social Sciences (3-year program),75,6376,25554,ENG4U/French4U,No,N/A,No
Social Work,75,6376,25554,ENG4U/French4U,No,N/A,No
Sociology,75,6376,25554,ENG4U/French4U,No,N/A,No
Statistics,80,6376,25554,"ENG4U/French4U,MHF4U,MCV4U",Yes,N/A,No
Theatre,75,6376,25554,ENG4U/French4U,No,N/A,No
Translation (BA),75,6376,25554,ENG4U/French4U,Yes,N/A,No
Translation (certificate),75,6376,25554,ENG4U/French4U,No,N/A,No
Visual Arts (BA or BFA),75,6376,25554,ENG4U/French4U,No,N/A,No
Women's Studies and Political Science,75,6376,25554,ENG4U/French4U,No,N/A,No
Women's Studies and Sociology,75,6376,25554,ENG4U/French4U,No,N/A,No
Women's Studies,75,6376,25554,ENG4U/French4U,No,N/A,No
World Languages and Cultures,75,6376,25554,ENG4U/French4U,No,N/A,No